id.accession,organism,n_samples_x,n_assays,assay_names,omics_type,has_rna_seq,has_small_rna,has_microarray,has_methylation,has_proteomics,has_metabolomics,has_glycomics,OSD_ID,n_samples_y,spaceflight,age,cultivar,genotype,organ,developmental_stage,growth_environment,hardware,light_cycle,light_intensity,light_quality,light_source,temperature
OSD-120,Arabidopsis thaliana,90,2,OSD-120_image-analysis_photography_cara | OSD-120_transcription-profiling_rna-sequencing-(rna-seq)_illumina,RNA-seq,True,False,False,False,False,False,False,OSD-120,90,Space Flight | Ground Control,,,,Plant Roots,,ISS-Columbus | Earth surface,petri dish,,,,ambient light | Not Applicable,
OSD-121,Arabidopsis thaliana,6,3,OSD-121_glycomic-profile_elisa_thermo fisher scientific | OSD-121_morphometric-analysis_image-analysis_photography | OSD-121_transcription-profiling_dna-microarray_affymetrix,Microarray,False,False,True,False,False,False,True,OSD-121,6,Space Flight | Ground Control,,,,Plant Shoots,,Space Shuttle | Earth surface,BRIC-PDFU | Orbital Environmental Simulator (OES),24 dark {hour},,,,24 {degree Celsius}
OSD-134,Arabidopsis thaliana,33,1,OSD-134_transcription-profiling_dna-microarray_affymetrix,Microarray,False,False,True,False,False,False,False,OSD-134,33,,,,,,,,Low Pressure Growth Chambers (LPGC),24 light {hour},70-80 {micromole per square meter per second},,,23 {degree Celsius}
OSD-136,Arabidopsis thaliana,9,1,OSD-136_transcription-profiling_dna-microarray_Affymetrix,Microarray,False,False,True,False,False,False,False,OSD-136,9,,,,,Plant Roots,,,,24 light hour,,,,
OSD-144,Arabidopsis thaliana,24,1,OSD-144_transcription-profiling_dna-microarray_Nimblegen,Microarray,False,False,True,False,False,False,False,OSD-144,24,,,,,,,,,,,,,
OSD-147,Arabidopsis thaliana,18,1,OSD-147_transcription-profiling_dna-microarray_Affymetrix,Microarray,False,False,True,False,False,False,False,OSD-147,18,Space Flight | Ground Control,,,,,,,BRIC,continuous dark,,,,
OSD-16,Arabidopsis thaliana,8,1,OSD-16_protein-expression-profiling_mass-spectrometry_iTRAQ,Other,False,False,False,False,True,False,False,OSD-16,8,Space Flight | Ground Control,,,,,,,,Not Available,,,,
OSD-17,Arabidopsis thaliana,24,1,OSD-17_transcription-profiling_dna-microarray_Affymetrix,Microarray,False,False,True,False,False,False,False,OSD-17,24,Space Flight | Ground Control,,,Wild Type,,,,,,,,,
OSD-193,Arabidopsis thaliana,32,1,OSD-193_transcription-profiling_rna-sequencing-(rna-seq)_Illumina,RNA-seq,True,False,False,False,False,False,False,OSD-193,32,Ground Control | Space Flight,,,,Plant Roots,,International Space Station Environmental Simulator (ISSES) | ISS-Columbus,Vegetable Production System (Veggie),,100-135 {micromole per square meter per second},,Light Emitting Diode Device,
OSD-205,Arabidopsis thaliana,16,1,OSD-205_transcription-profiling_dna-microarray_Affymetrix,Microarray,False,False,True,False,False,False,False,OSD-205,16,Space Flight | Ground Control,,,,hypocotyl cell culture,,ISS-US Laboratory | OES (Orbital Environmental Simulator),BRIC-LED (Biological Research In a Canister - Light Emitting Diode),24 dark {hour},,,,
OSD-208,Arabidopsis thaliana,6,2,OSD-208_transcription-profiling_dna-microarray_affymetrix | OSD-208_transcription-profiling_rna-sequencing-(rna-seq)_illumina,RNA-seq,True,False,True,False,False,False,False,OSD-208,6,,,,Wild Type,root,,Earth surface,growth chamber,24 light {hour},80-100 {micromole per square meter per second},,,19 {degree Celsius}
OSD-210,Arabidopsis thaliana,5,1,gse121111_genome_sequencing_nucleotide_sequencing,Other,False,False,False,False,False,False,False,OSD-210,5,,,,,,,,,,,,,
OSD-217,Arabidopsis thaliana,24,2,OSD-217_DNA-methylation-profiling_Whole-Genome-Bisulfite-Sequencing_Illumina | OSD-217_transcription-profiling_rna-sequencing-(rna-seq)_illumina,RNA-seq,True,False,False,True,False,False,False,OSD-217,24,Ground Control | Space Flight,,,,,,ISSES | ISS,Vegetable Production System (Veggie),,100-135 {micromoles/m^2/s},,light-emitting diode,
OSD-218,Arabidopsis thaliana,32,1,OSD-218_transcription-profiling_rna-sequencing-(rna-seq)_illumina,RNA-seq,True,False,False,False,False,False,False,OSD-218,32,Space Flight | Ground Control,8 {day} | 4 {day},Col-0 | WS,Wild Type,root,Seedlings,ISS | ISSES,Vegetable Production System (Veggie),Not Available,100-135 {micromole per square meter per second},Not Available,Light Emitting Diode Device,15.687 {degree Celsius} | 14.655 {degree Celsius}
OSD-219,Arabidopsis thaliana,32,1,gse95373_transcription_profiling_RNA_Sequencing_(RNA-Seq),RNA-seq,True,False,False,False,False,False,False,OSD-219,32,Space Flight | Ground Control,8 {day} | 4 {day},Col-0 | WS,Wild-type,,,,VPS/Veggie,,,,,
OSD-22,Arabidopsis thaliana,20,1,OSD-22_transcription-profiling_dna-microarray_agilent,Microarray,False,False,True,False,False,False,False,OSD-22,20,,,,,,,,growth room,,,,,23 {degree Celsius}
OSD-223,Arabidopsis thaliana,40,1,OSD-223_transcription-profiling_rna-sequencing-(rna-seq)_illumina,RNA-seq,True,False,False,False,False,False,False,OSD-223,40,Space Flight | Ground Control,,,,,,ISS-Columbus | Earth surface,"European Modular Cultivation System (EMCS) | NASA Ames, Experimental Reference Module (ERM2)",24 light {hour},,,Light Emitting Diode Device,24 {degree Celsius}
OSD-251,Arabidopsis thaliana,20,1,OSD-251_transcription-profiling_rna-sequencing-(rna-seq)_illumina,RNA-seq,True,False,False,False,False,False,False,OSD-251,20,Space Flight,,,,,,ISS-Columbus,European Modular Cultivation System (EMCS),,30-40 {micromole per square meter per second},,Light Emitting Diode Device,
OSD-281,Arabidopsis thaliana,32,1,OSD-281_transcription-profiling_rna-sequencing-(rna-seq)_Illumina,RNA-seq,True,False,False,False,False,False,False,OSD-281,32,Space Flight | Ground Control,8 {day} | 4 {day},,,Plant Roots,Seedlings,,Vegetable Production System (Veggie),,100-135 {Î¼moles/m2/s PAR},,Light Emitting Diode Device,
OSD-282,Arabidopsis thaliana,8,1,OSD-282_transcription-profiling_dna-microarray_Affymetrix,Microarray,False,False,True,False,False,False,False,OSD-282,8,,,,,,,Earth surface,six-well plates,24 dark {hour},,,,23 {degree Celsius}
OSD-296,Arabidopsis thaliana,36,1,OSD-296_transcription-profiling_dna-microarray_affymetrix,Microarray,False,False,True,False,False,False,False,OSD-296,36,,,,,Whole Organism,,Earth surface,MLR-350 growth chamber,,,,,25 {degree Celsius}
OSD-313,Arabidopsis thaliana,18,1,OSD-313_transcription-profiling_rna-sequencing-(rna-seq)_illumina,RNA-seq,True,False,False,False,False,False,False,OSD-313,18,,,,,Seedlings,,,European Modular Cultivation System (EMCS),,,,,22 {degree Celsius}
OSD-314,Arabidopsis thaliana,17,1,OSD-314_transcription-profiling_rna-sequencing-(rna-seq)_Illumina,RNA-seq,True,False,False,False,False,False,False,OSD-314,17,Space Flight | Ground Control,,,Wild Type,,,ISS-Columbus | Earth surface,European Modular Cultivation System (EMCS),,,,,22.5 {degree Celsius}
OSD-320,Arabidopsis thaliana,44,1,OSD-320_transcription-profiling_dna-microarray_affymetrix,Microarray,False,False,True,False,False,False,False,OSD-320,44,,,,,,,,,,,,,21 {degree Celsius}
OSD-321,Arabidopsis thaliana,44,1,OSD-321_transcription-profiling_rna-sequencing-(rna-seq),RNA-seq,True,False,False,False,False,False,False,OSD-321,44,Space Flight | Ground Control,,,,,,ISS-US Laboratory | ISS Environmental Simulator,BRIC-PDFU (Petri Dish Fixation Unit),24 dark {hour},,,,
OSD-329,Arabidopsis thaliana,80,1,OSD-329_transcription-profiling_dna-microarray,Microarray,False,False,True,False,False,False,False,OSD-329,80,,,,,,,,,14:10 light:dark {hour},,,,20 {degree Celsius}
OSD-346,Arabidopsis thaliana,36,1,OSD-346_transcription-profiling_rna-sequencing-(rna-seq)_illumina,RNA-seq,True,False,False,False,False,False,False,OSD-346,36,Space Flight,,,,,,ISS-Columbus,European Modular Cultivation System (EMCS),,,,Light Emitting Diode Device,
OSD-37,Arabidopsis thaliana,56,1,OSD-37_transcription-profiling_rna-sequencing-(rna-seq)_Illumina,RNA-seq,True,False,False,False,False,False,False,OSD-37,56,Space Flight | Ground Control,,,Wild Type,,,ISS-US Laboratory,BRIC-PDFU (Petri Dish Fixation Unit),dark 24 {hour},,,continuous dark (no light) regimen,
OSD-38,Arabidopsis thaliana,36,2,OSD-38_protein-expression-profiling_mass-spectrometry_LTQ-Orbitrap Velos Pro | OSD-38_transcription-profiling_rna-sequencing-(rna-seq)_Illumina,RNA-seq,True,False,False,False,True,False,False,OSD-38,36,Space Flight | Ground Control,,,Wild Type,Seedlings,,,BRIC-PDFU,Dark 24 {hour},Not applicable,Not applicable,continuous dark (no light) regimen,
OSD-406,Arabidopsis thaliana,24,1,OSD-406_transcription-profiling_rna-sequencing-(rna-seq)_Illumina,RNA-seq,True,False,False,False,False,False,False,OSD-406,24,,,,,,,,100mm Petri dish,24 light {hour},80 {micromole per square meter per second},,,19 {degree Celsius}
OSD-411,Arabidopsis thaliana,64,1,OSD-411_transcription-profiling_rna-sequencing-(rna-seq)_Illumina,RNA-seq,True,False,False,False,False,False,False,OSD-411,64,,,,,,,Earth,custom device,24 light {hour},,Not Available,fluorescent,24 {degree Celsius}
OSD-416,Arabidopsis thaliana,48,1,OSD-416_dna-methylation-profiling_bisulfite-sequencing_Illumina,Epigenomics,False,False,False,True,False,False,False,OSD-416,48,Space Flight | Ground Control,,,,leaf | Plant Roots,Seedlings,ISS-Columbus | International Space Station Environmental Simulator (ISSES),Vegetable Production System (Veggie),24 {hour},100-135 {micromole per square meter per second},red and blue,Light Emitting Diode Device,19.06 {degree Celsius} | 17.14 {degree Celsius}
OSD-427,Arabidopsis thaliana,48,1,OSD-427_transcription-profiling_rna-sequencing-(rna-seq)_Illumina,RNA-seq,True,False,False,False,False,False,False,OSD-427,48,Space Flight | Ground Control,,,,,,ISS-Columbus | Earth surface,Vegetable Production System (Veggie),24 light {hour},100-135 {micromole per square meter per second},,Light Emitting Diode Device,19.06 {degree Celsius}
OSD-428,Arabidopsis thaliana,9,1,OSD-428_transcription-profiling_dna-microarray_affymetrix,Microarray,False,False,True,False,False,False,False,OSD-428,9,,,,pCaMV35S:14-3-3Îº:GFP,root,Seedlings,,,24 light {hour},80 {micromole per square meter per second},,fluorescent lighting,19 {degree Celsius}
OSD-434,Arabidopsis thaliana,9,1,OSD-434_transcription-profiling_dna-microarray_affymetrix,Microarray,False,False,True,False,False,False,False,OSD-434,9,,,,pCaMV35S:14-3-3k:GFP,Plant Roots,,,UF growth room,24 light {hour},80 {micromole per square meter per second},,fluorescent lighting,19 {degree Celsius}
OSD-436,Arabidopsis thaliana,21,1,OSD-436_transcription-profiling_dna-microarray_affymetrix,Microarray,False,False,True,False,False,False,False,OSD-436,21,,,,Wild Type,Plant Roots,Seedlings,,,24 light {hour},80 {micromole per square meter per second},,fluorescent lighting,19 {degree Celsius}
OSD-437,Arabidopsis thaliana,19,1,OSD-437_transcription-profiling_rna-sequencing-(rna-seq)_Illumina,RNA-seq,True,False,False,False,False,False,False,OSD-437,19,Space Flight | Ground Control,4 {day} | 6 {day},,Col-0,shoot,,ISS-Columbus | Earth surface,"European Modular Cultivation System (EMCS) | NASA Ames, Experimental Reference Module (ERM2)",16:8 light:dark {hour},,,Light Emitting Diode Device,22 {degree Celsius}
OSD-44,Arabidopsis thaliana,12,1,OSD-44_transcription-profiling_dna-microarray_affymetrix,Microarray,False,False,True,False,False,False,False,OSD-44,12,Space Flight | Ground Control,,,,Whole Organism,,Space Shuttle Discovery | Orbital Environmental Simulator,,,,,,
OSD-45,Arabidopsis thaliana,24,1,OSD-45_transcription-profiling_dna-microarray,Microarray,False,False,True,False,False,False,False,OSD-45,24,,,,,Plant Roots,boyes,,,,,,,
OSD-450,Arabidopsis thaliana,15,1,OSD-450_transcription-profiling_dna-microarray_affymetrix,Microarray,False,False,True,False,False,False,False,OSD-450,15,,,,pCaMV35S:14-3-3k:GFP,Plant Roots,,,UF growth room,24 light {hour},80 {micromole per square meter per second},,fluorescent lighting,19 {degree Celsius}
OSD-46,Arabidopsis thaliana,44,1,OSD-46_transcription-profiling_dna-microarray_affymetrix,Microarray,False,False,True,False,False,False,False,OSD-46,44,,5 {day} | 6 {day},,,Seedlings,,,,,,,,
OSD-476,Arabidopsis thaliana,20,2,OSD-476_morphometric-analysis_image-analysis_imagej | OSD-476_transcription-profiling_rna-sequencing-(rna-seq)_illumina,RNA-seq,True,False,False,False,False,False,False,OSD-476,20,,,,Wild Type,,,Earth surface,vented terrarium chamber,16:8 light:dark {hour},,,Light Emitting Diode Device,22 {degree Celsius}
OSD-480,Arabidopsis thaliana,400,1,OSD-480_transcription-profiling_rna-sequencing-(rna-seq)_Illumina,RNA-seq,True,False,False,False,False,False,False,OSD-480,400,Space Flight,,,,,,ISS-Columbus,European Modular Cultivation System (EMCS),,60 {micromole per square meter per second},,Light Emitting Diode Device,23.5 {degree Celsius}
OSD-496,Arabidopsis thaliana,6,1,OSD-496_protein-dna-binding-site-identification_chip-seq_Illumina,Other,False,False,False,False,False,False,False,OSD-496,6,,,,,,,Earth surface,Percival growth cabinet,24 light {hour},100 {micromole per square meter per second},,,23 {degree Celsius}
OSD-498,Arabidopsis thaliana,16,1,OSD-498_transcription-profiling_rna-sequencing-(rna-seq)_Illumina,RNA-seq,True,False,False,False,False,False,False,OSD-498,16,,,,Wild Type,Whole Organism,,Earth surface,Percival growth cabinet,24 light {hour},100 {micromole per square meter per second},,,23 {degree Celsius}
OSD-502,Arabidopsis thaliana,8,1,OSD-502_transcription-profiling_rna-sequencing-(rna-seq)_Illumina,RNA-seq,True,False,False,False,False,False,False,OSD-502,8,,,,,,,Earth surface,Percival growth cabinet,24 light {hour},100 {micromole per square meter per second},,,23 {degree Celsius}
OSD-508,Arabidopsis thaliana,36,1,OSD-508_transcription-profiling_rna-sequencing-(rna-seq)_Illumina,RNA-seq,True,False,False,False,False,False,False,OSD-508,36,,,,,Whole Organism,,Earth surface,Percival growth cabinet,24 light {hour},100 {micromole per square meter per second},,,23 {degree Celsius}
OSD-510,Arabidopsis thaliana,48,1,OSD-510_transcription-profiling_rna-sequencing-(rna-seq)_Illumina,RNA-seq,True,False,False,False,False,False,False,OSD-510,48,,,,,Whole Organism,,Earth surface,Percival growth cabinet,24 light {hour},100 {micromole per square meter per second},,,23 {degree Celsius}
OSD-518,Arabidopsis thaliana,21,1,OSD-518_transcription-profiling_rna-sequencing-(rna-seq)_illumina,RNA-seq,True,False,False,False,False,False,False,OSD-518,21,,,,,shoot tip,,Earth surface,custom-built rack,16:8 light:dark {hour},100 {micromole per square meter per second},,,22 {degree Celsius}
OSD-519,Arabidopsis thaliana,36,1,GLDS-519_transcription-profiling_rna-sequencing-(rna-seq)_illumina,RNA-seq,True,False,False,False,False,False,False,OSD-519,36,,,,,,,Earth surface,Not Available,,,,Not Available,
OSD-520,Arabidopsis thaliana,45,1,OSD-520_dna-methylation-profiling_whole-genome-bisulfite-sequencing_illumina,Epigenomics,False,False,False,True,False,False,False,OSD-520,45,,,,Columbia ecotype,,,Earth surface,"growth cabinet (Snijders Scientific, Microclima 1000E)",14:10 light:dark {hour},200 {micromole per square meter per second},,,20 {degree Celsius}
OSD-522,Arabidopsis thaliana,36,2,OSD-522_protein-expression-profiling_mass-spectrometry_ltq orbitrap velos(thermo scientific) | OSD-522_transcription-profiling_rna-sequencing-(rna-seq)_illumina,RNA-seq,True,False,False,False,True,False,False,OSD-522,36,Space Flight | Ground Control,,,,,2 rosette leaves are greater than 1 mm in length,International Space Station | International Space Station Environmental Simulator (ISSES),,4:2 light:dark {hour},60 {micromole per square meter per second},,,23 {degree Celsius}
OSD-531,Arabidopsis thaliana,8,1,GLDS-531_transcription-profiling_dna-microarray_agilent,Microarray,False,False,True,False,False,False,False,OSD-531,8,,,,Wild Type,,,Earth surface,,24 light {hour},,,,23 {degree Celsius}
OSD-565,Arabidopsis thaliana,45,1,OSD-565_transcription-profiling_rna-sequencing-(rna-seq)_illumina,RNA-seq,True,False,False,False,False,False,False,OSD-565,45,,,,Wild Type,,,Earth surface,,,,,Light Emitting Diode Device,
OSD-615,Arabidopsis thaliana,12,1,OSD-615_glycomic-profile_elisa_thermo fisher scientific,Other,False,False,False,False,False,False,True,OSD-615,12,Space Flight | Ground Control,,,,Plant Roots,,ISS-Columbus | International Space Station Environmental Simulator (ISSES),Vegetable Production System (Veggie),light 24 {hour},120-140 {micromole per square meter per second},,Light Emitting Diode Device,15.687 {degree Celsius} | 14.655 {degree Celsius}
OSD-624,Arabidopsis thaliana,36,1,OSD-624_transcription-profiling_rna-sequencing-(rna-seq)_Illumina,RNA-seq,True,False,False,False,False,False,False,OSD-624,36,,,,,,Cotyledons fully open,,,24 {hour},,,Light Emitting Diode Device,
OSD-625,Arabidopsis thaliana,16,1,OSD-625_targeted-dna-methylation-profiling_ccs-long-read-dna-enzymatic-methyl-sequencing_pacific biosciences,Epigenomics,False,False,False,True,False,False,False,OSD-625,16,Ground Control | Space Flight,,,,Plant Roots,Seedlings,International Space Station Environmental Simulator (ISSES) | ISS-Columbus,Vegetable Production System (Veggie),24 {hour},100â135 {micromole per square meter per second},red and blue,Light Emitting Diode Device,17.143 {degree Celsius} | 19.059 {degree Celsius}
OSD-658,Arabidopsis thaliana,14,1,OSD-658_transcription-profiling_rna-sequencing-(rna-seq)_illumina,RNA-seq,True,False,False,False,False,False,False,OSD-658,14,,,,Wild Type,,,,,16:8 light:dark {hour},150 {micromole per square meter per second},,,22 {degree Celsius}
OSD-678,Arabidopsis thaliana,36,1,OSD-678_transcription-profiling_rna-sequencing-(rna-seq)_illumina,RNA-seq,True,False,False,False,False,False,False,OSD-678,36,Space Flight | Ground Control,,,,Plant Leaves,,ISS-US Laboratory | International Space Station Environmental Simulator (ISSES),Petri Dish,24 hr Dark | 24 hr Light,{Not Applicable} | 4â6 {micromole per square meter per second},,Not Applicable | ambient light,
OSD-7,Arabidopsis thaliana,36,1,OSD-7_transcription-profiling_dna-microarray_affymetrix,Microarray,False,False,True,False,False,False,False,OSD-7,36,Space Flight | Ground Control,,,Wild Type,,12 day old seedling hypocotyl | 12 day old seedling roots | 12 day old seedling shoots | 12 day old whole plants,Space Shuttle Discovery STS-131/ISS | Orbital Environmental Simulator,Advanced Biological Research System (ABRS),{Not Available},,,,23 {degree Celsius}
OSD-782,Arabidopsis thaliana,36,1,OSD-782_transcription-profiling_rna-sequencing-(rna-seq)_Illumina,RNA-seq,True,False,False,False,False,False,False,OSD-782,36,,,,Wild Type,rosette,,Earth surface,,8:16 light:dark {hour},,,,
OSD-8,Arabidopsis thaliana,40,1,OSD-8_transcription-profiling_dna-microarray_Agilent,Microarray,False,False,True,False,False,False,False,OSD-8,40,,,,Wild Type,cell culture,,Earth surface,"Not Applicable | Large Diameter Centrifuge | MAG (magnetic) | Random Positioning Machine (Î¼g-RPM, real random mode)",24 dark {hour},,,,22 {degree Celsius}
