id.accession,n_samples_inventory,age,cultivar,genotype,organ,developmental_stage,growth_environment,hardware,light_cycle,light_intensity,light_quality,light_source,temperature,assay_names
OSD-120,90,,,,Plant Roots,,ISS-Columbus | Earth surface,petri dish,,,,ambient light | Not Applicable,,OSD-120_image-analysis_photography_cara | OSD-120_transcription-profiling_rna-sequencing-(rna-seq)_illumina
OSD-193,32,,,,Plant Roots,,International Space Station Environmental Simulator (ISSES) | ISS-Columbus,Vegetable Production System (Veggie),,100-135 {micromole per square meter per second},,Light Emitting Diode Device,,OSD-193_transcription-profiling_rna-sequencing-(rna-seq)_Illumina
OSD-217,24,,,,,,ISSES | ISS,Vegetable Production System (Veggie),,100-135 {micromoles/m^2/s},,light-emitting diode,,OSD-217_DNA-methylation-profiling_Whole-Genome-Bisulfite-Sequencing_Illumina | OSD-217_transcription-profiling_rna-sequencing-(rna-seq)_illumina
OSD-218,32,8 {day} | 4 {day},Col-0 | WS,Wild Type,root,Seedlings,ISS | ISSES,Vegetable Production System (Veggie),Not Available,100-135 {micromole per square meter per second},Not Available,Light Emitting Diode Device,15.687 {degree Celsius} | 14.655 {degree Celsius},OSD-218_transcription-profiling_rna-sequencing-(rna-seq)_illumina
OSD-219,32,8 {day} | 4 {day},Col-0 | WS,Wild-type,,,,VPS/Veggie,,,,,,gse95373_transcription_profiling_RNA_Sequencing_(RNA-Seq)
OSD-223,40,,,,,,ISS-Columbus | Earth surface,"European Modular Cultivation System (EMCS) | NASA Ames, Experimental Reference Module (ERM2)",24 light {hour},,,Light Emitting Diode Device,24 {degree Celsius},OSD-223_transcription-profiling_rna-sequencing-(rna-seq)_illumina
OSD-281,32,8 {day} | 4 {day},,,Plant Roots,Seedlings,,Vegetable Production System (Veggie),,100-135 {Î¼moles/m2/s PAR},,Light Emitting Diode Device,,OSD-281_transcription-profiling_rna-sequencing-(rna-seq)_Illumina
OSD-314,17,,,Wild Type,,,ISS-Columbus | Earth surface,European Modular Cultivation System (EMCS),,,,,22.5 {degree Celsius},OSD-314_transcription-profiling_rna-sequencing-(rna-seq)_Illumina
OSD-321,44,,,,,,ISS-US Laboratory | ISS Environmental Simulator,BRIC-PDFU (Petri Dish Fixation Unit),24 dark {hour},,,,,OSD-321_transcription-profiling_rna-sequencing-(rna-seq)
OSD-37,56,,,Wild Type,,,ISS-US Laboratory,BRIC-PDFU (Petri Dish Fixation Unit),dark 24 {hour},,,continuous dark (no light) regimen,,OSD-37_transcription-profiling_rna-sequencing-(rna-seq)_Illumina
OSD-38,36,,,Wild Type,Seedlings,,,BRIC-PDFU,Dark 24 {hour},Not applicable,Not applicable,continuous dark (no light) regimen,,OSD-38_protein-expression-profiling_mass-spectrometry_LTQ-Orbitrap Velos Pro | OSD-38_transcription-profiling_rna-sequencing-(rna-seq)_Illumina
OSD-427,48,,,,,,ISS-Columbus | Earth surface,Vegetable Production System (Veggie),24 light {hour},100-135 {micromole per square meter per second},,Light Emitting Diode Device,19.06 {degree Celsius},OSD-427_transcription-profiling_rna-sequencing-(rna-seq)_Illumina
OSD-437,19,4 {day} | 6 {day},,Col-0,shoot,,ISS-Columbus | Earth surface,"European Modular Cultivation System (EMCS) | NASA Ames, Experimental Reference Module (ERM2)",16:8 light:dark {hour},,,Light Emitting Diode Device,22 {degree Celsius},OSD-437_transcription-profiling_rna-sequencing-(rna-seq)_Illumina
OSD-522,36,,,,,2 rosette leaves are greater than 1 mm in length,International Space Station | International Space Station Environmental Simulator (ISSES),,4:2 light:dark {hour},60 {micromole per square meter per second},,,23 {degree Celsius},OSD-522_protein-expression-profiling_mass-spectrometry_ltq orbitrap velos(thermo scientific) | OSD-522_transcription-profiling_rna-sequencing-(rna-seq)_illumina
OSD-678,36,,,,Plant Leaves,,ISS-US Laboratory | International Space Station Environmental Simulator (ISSES),Petri Dish,24 hr Dark | 24 hr Light,{Not Applicable} | 4â6 {micromole per square meter per second},,Not Applicable | ambient light,,OSD-678_transcription-profiling_rna-sequencing-(rna-seq)_illumina
