id.sample name,study.factor value.spaceflight,study.factor value.age,study.factor value.cultivar,study.characteristics.genotype,study.characteristics.organism part,study.characteristics.developmental stage,study.parameter value.growth environment,study.parameter value.growth time,study.parameter value.hardware,study.parameter value.light cycle,study.parameter value.light intensity,study.parameter value.light quality,study.parameter value.light source,study.parameter value.mean growth temperature
SAMN06465142,Space Flight,8 {day},Col-0,Wild Type,root,Seedlings,ISS,8 {day},Vegetable Production System (Veggie),Not Available,100-135 {micromole per square meter per second},Not Available,Light Emitting Diode Device,15.687 {degree Celsius}
SAMN06465144,Space Flight,8 {day},Col-0,Wild Type,root,Seedlings,ISS,8 {day},Vegetable Production System (Veggie),Not Available,100-135 {micromole per square meter per second},Not Available,Light Emitting Diode Device,15.687 {degree Celsius}
SAMN06465146,Space Flight,8 {day},Col-0,Wild Type,root,Seedlings,ISS,8 {day},Vegetable Production System (Veggie),Not Available,100-135 {micromole per square meter per second},Not Available,Light Emitting Diode Device,15.687 {degree Celsius}
SAMN06465148,Space Flight,8 {day},Col-0,Wild Type,root,Seedlings,ISS,8 {day},Vegetable Production System (Veggie),Not Available,100-135 {micromole per square meter per second},Not Available,Light Emitting Diode Device,15.687 {degree Celsius}
SAMN06465150,Ground Control,8 {day},Col-0,Wild Type,root,Seedlings,ISSES,8 {day},Vegetable Production System (Veggie),Not Available,100-135 {micromole per square meter per second},Not Available,Light Emitting Diode Device,14.655 {degree Celsius}
SAMN06465152,Ground Control,8 {day},Col-0,Wild Type,root,Seedlings,ISSES,8 {day},Vegetable Production System (Veggie),Not Available,100-135 {micromole per square meter per second},Not Available,Light Emitting Diode Device,14.655 {degree Celsius}
SAMN06465155,Ground Control,8 {day},Col-0,Wild Type,root,Seedlings,ISSES,8 {day},Vegetable Production System (Veggie),Not Available,100-135 {micromole per square meter per second},Not Available,Light Emitting Diode Device,14.655 {degree Celsius}
SAMN06465157,Ground Control,8 {day},Col-0,Wild Type,root,Seedlings,ISSES,8 {day},Vegetable Production System (Veggie),Not Available,100-135 {micromole per square meter per second},Not Available,Light Emitting Diode Device,14.655 {degree Celsius}
SAMN06465160,Space Flight,4 {day},WS,Wild Type,root,Seedlings,ISS,4 {day},Vegetable Production System (Veggie),Not Available,100-135 {micromole per square meter per second},Not Available,Light Emitting Diode Device,15.687 {degree Celsius}
SAMN06465163,Space Flight,4 {day},WS,Wild Type,root,Seedlings,ISS,4 {day},Vegetable Production System (Veggie),Not Available,100-135 {micromole per square meter per second},Not Available,Light Emitting Diode Device,15.687 {degree Celsius}
SAMN06465165,Space Flight,4 {day},WS,Wild Type,root,Seedlings,ISS,4 {day},Vegetable Production System (Veggie),Not Available,100-135 {micromole per square meter per second},Not Available,Light Emitting Diode Device,15.687 {degree Celsius}
SAMN06465168,Space Flight,4 {day},WS,Wild Type,root,Seedlings,ISS,4 {day},Vegetable Production System (Veggie),Not Available,100-135 {micromole per square meter per second},Not Available,Light Emitting Diode Device,15.687 {degree Celsius}
SAMN06465170,Ground Control,4 {day},WS,Wild Type,root,Seedlings,ISSES,4 {day},Vegetable Production System (Veggie),Not Available,100-135 {micromole per square meter per second},Not Available,Light Emitting Diode Device,14.655 {degree Celsius}
SAMN06465172,Ground Control,4 {day},WS,Wild Type,root,Seedlings,ISSES,4 {day},Vegetable Production System (Veggie),Not Available,100-135 {micromole per square meter per second},Not Available,Light Emitting Diode Device,14.655 {degree Celsius}
SAMN06465174,Ground Control,4 {day},WS,Wild Type,root,Seedlings,ISSES,4 {day},Vegetable Production System (Veggie),Not Available,100-135 {micromole per square meter per second},Not Available,Light Emitting Diode Device,14.655 {degree Celsius}
SAMN06465177,Ground Control,4 {day},WS,Wild Type,root,Seedlings,ISSES,4 {day},Vegetable Production System (Veggie),Not Available,100-135 {micromole per square meter per second},Not Available,Light Emitting Diode Device,14.655 {degree Celsius}
SAMN06465179,Ground Control,4 {day},Col-0,Wild Type,root,Seedlings,ISSES,4 {day},Vegetable Production System (Veggie),Not Available,100-135 {micromole per square meter per second},Not Available,Light Emitting Diode Device,14.655 {degree Celsius}
SAMN06465181,Space Flight,4 {day},Col-0,Wild Type,root,Seedlings,ISS,4 {day},Vegetable Production System (Veggie),Not Available,100-135 {micromole per square meter per second},Not Available,Light Emitting Diode Device,15.687 {degree Celsius}
SAMN06465183,Space Flight,4 {day},Col-0,Wild Type,root,Seedlings,ISS,4 {day},Vegetable Production System (Veggie),Not Available,100-135 {micromole per square meter per second},Not Available,Light Emitting Diode Device,15.687 {degree Celsius}
SAMN06465187,Space Flight,4 {day},Col-0,Wild Type,root,Seedlings,ISS,4 {day},Vegetable Production System (Veggie),Not Available,100-135 {micromole per square meter per second},Not Available,Light Emitting Diode Device,15.687 {degree Celsius}
SAMN06465190,Space Flight,4 {day},Col-0,Wild Type,root,Seedlings,ISS,4 {day},Vegetable Production System (Veggie),Not Available,100-135 {micromole per square meter per second},Not Available,Light Emitting Diode Device,15.687 {degree Celsius}
SAMN06465194,Ground Control,4 {day},Col-0,Wild Type,root,Seedlings,ISSES,4 {day},Vegetable Production System (Veggie),Not Available,100-135 {micromole per square meter per second},Not Available,Light Emitting Diode Device,14.655 {degree Celsius}
SAMN06465197,Ground Control,4 {day},Col-0,Wild Type,root,Seedlings,ISSES,4 {day},Vegetable Production System (Veggie),Not Available,100-135 {micromole per square meter per second},Not Available,Light Emitting Diode Device,14.655 {degree Celsius}
SAMN06465201,Ground Control,4 {day},Col-0,Wild Type,root,Seedlings,ISSES,4 {day},Vegetable Production System (Veggie),Not Available,100-135 {micromole per square meter per second},Not Available,Light Emitting Diode Device,14.655 {degree Celsius}
SAMN06465267,Space Flight,8 {day},WS,Wild Type,root,Seedlings,ISS,8 {day},Vegetable Production System (Veggie),Not Available,100-135 {micromole per square meter per second},Not Available,Light Emitting Diode Device,15.687 {degree Celsius}
SAMN06465268,Space Flight,8 {day},WS,Wild Type,root,Seedlings,ISS,8 {day},Vegetable Production System (Veggie),Not Available,100-135 {micromole per square meter per second},Not Available,Light Emitting Diode Device,15.687 {degree Celsius}
SAMN06465269,Space Flight,8 {day},WS,Wild Type,root,Seedlings,ISS,8 {day},Vegetable Production System (Veggie),Not Available,100-135 {micromole per square meter per second},Not Available,Light Emitting Diode Device,15.687 {degree Celsius}
SAMN06465270,Space Flight,8 {day},WS,Wild Type,root,Seedlings,ISS,8 {day},Vegetable Production System (Veggie),Not Available,100-135 {micromole per square meter per second},Not Available,Light Emitting Diode Device,15.687 {degree Celsius}
SAMN06465272,Ground Control,8 {day},WS,Wild Type,root,Seedlings,ISSES,8 {day},Vegetable Production System (Veggie),Not Available,100-135 {micromole per square meter per second},Not Available,Light Emitting Diode Device,14.655 {degree Celsius}
SAMN06465273,Ground Control,8 {day},WS,Wild Type,root,Seedlings,ISSES,8 {day},Vegetable Production System (Veggie),Not Available,100-135 {micromole per square meter per second},Not Available,Light Emitting Diode Device,14.655 {degree Celsius}
SAMN06465275,Ground Control,8 {day},WS,Wild Type,root,Seedlings,ISSES,8 {day},Vegetable Production System (Veggie),Not Available,100-135 {micromole per square meter per second},Not Available,Light Emitting Diode Device,14.655 {degree Celsius}
SAMN06465276,Ground Control,8 {day},WS,Wild Type,root,Seedlings,ISSES,8 {day},Vegetable Production System (Veggie),Not Available,100-135 {micromole per square meter per second},Not Available,Light Emitting Diode Device,14.655 {degree Celsius}
